"LOCATION","INDICATOR","SUBJECT","MEASURE","FREQUENCY","TIME","Value","Flag Codes"
"AUS","PPP","TOT","NATUSD","A","1990",1.365519,
"AUS","PPP","TOT","NATUSD","A","1991",1.348412,
"AUS","PPP","TOT","NATUSD","A","1992",1.32855,
"AUS","PPP","TOT","NATUSD","A","1993",1.312794,
"AUS","PPP","TOT","NATUSD","A","1994",1.301014,
"AUS","PPP","TOT","NATUSD","A","1995",1.310865,
"AUS","PPP","TOT","NATUSD","A","1996",1.312182,
"AUS","PPP","TOT","NATUSD","A","1997",1.308112,
"AUS","PPP","TOT","NATUSD","A","1998",1.3003,
"AUS","PPP","TOT","NATUSD","A","1999",1.29695,
"AUS","PPP","TOT","NATUSD","A","2000",1.311473,
"AUS","PPP","TOT","NATUSD","A","2001",1.326806,
"AUS","PPP","TOT","NATUSD","A","2002",1.33649,
"AUS","PPP","TOT","NATUSD","A","2003",1.353924,
"AUS","PPP","TOT","NATUSD","A","2004",1.366397,
"AUS","PPP","TOT","NATUSD","A","2005",1.388356,
"AUS","PPP","TOT","NATUSD","A","2006",1.404001,
"AUS","PPP","TOT","NATUSD","A","2007",1.427582,
"AUS","PPP","TOT","NATUSD","A","2008",1.479073,
"AUS","PPP","TOT","NATUSD","A","2009",1.441497,
"AUS","PPP","TOT","NATUSD","A","2010",1.502766,
"AUS","PPP","TOT","NATUSD","A","2011",1.511052,
"AUS","PPP","TOT","NATUSD","A","2012",1.540115,
"AUS","PPP","TOT","NATUSD","A","2013",1.447123,
"AUS","PPP","TOT","NATUSD","A","2014",1.452489,
"AUS","PPP","TOT","NATUSD","A","2015",1.473691,
"AUS","PPP","TOT","NATUSD","A","2016",1.450156,
"AUS","PPP","TOT","NATUSD","A","2017",1.472981,
"AUS","PPP","TOT","NATUSD","A","2018",1.439831,
"AUS","PPP","TOT","NATUSD","A","2019",1.442175,
"AUT","PPP","TOT","NATUSD","A","1990",0.922246,
"AUT","PPP","TOT","NATUSD","A","1991",0.924566,
"AUT","PPP","TOT","NATUSD","A","1992",0.935415,
"AUT","PPP","TOT","NATUSD","A","1993",0.938959,
"AUT","PPP","TOT","NATUSD","A","1994",0.94254,
"AUT","PPP","TOT","NATUSD","A","1995",0.939929,
"AUT","PPP","TOT","NATUSD","A","1996",0.936118,
"AUT","PPP","TOT","NATUSD","A","1997",0.931829,
"AUT","PPP","TOT","NATUSD","A","1998",0.922801,
"AUT","PPP","TOT","NATUSD","A","1999",0.923906,
"AUT","PPP","TOT","NATUSD","A","2000",0.907226,
"AUT","PPP","TOT","NATUSD","A","2001",0.922769,
"AUT","PPP","TOT","NATUSD","A","2002",0.899797,
"AUT","PPP","TOT","NATUSD","A","2003",0.889084,
"AUT","PPP","TOT","NATUSD","A","2004",0.878806,
"AUT","PPP","TOT","NATUSD","A","2005",0.881939,
"AUT","PPP","TOT","NATUSD","A","2006",0.861176,
"AUT","PPP","TOT","NATUSD","A","2007",0.869233,
"AUT","PPP","TOT","NATUSD","A","2008",0.854424,
"AUT","PPP","TOT","NATUSD","A","2009",0.843111,
"AUT","PPP","TOT","NATUSD","A","2010",0.841548,
"AUT","PPP","TOT","NATUSD","A","2011",0.831374,
"AUT","PPP","TOT","NATUSD","A","2012",0.813648,
"AUT","PPP","TOT","NATUSD","A","2013",0.797081,
"AUT","PPP","TOT","NATUSD","A","2014",0.798797,
"AUT","PPP","TOT","NATUSD","A","2015",0.798813,
"AUT","PPP","TOT","NATUSD","A","2016",0.776931,
"AUT","PPP","TOT","NATUSD","A","2017",0.772542,
"AUT","PPP","TOT","NATUSD","A","2018",0.740694,
"AUT","PPP","TOT","NATUSD","A","2019",0.741282,
"BEL","PPP","TOT","NATUSD","A","1990",0.915381,
"BEL","PPP","TOT","NATUSD","A","1991",0.910908,
"BEL","PPP","TOT","NATUSD","A","1992",0.921111,
"BEL","PPP","TOT","NATUSD","A","1993",0.935723,
"BEL","PPP","TOT","NATUSD","A","1994",0.935347,
"BEL","PPP","TOT","NATUSD","A","1995",0.927321,
"BEL","PPP","TOT","NATUSD","A","1996",0.929897,
"BEL","PPP","TOT","NATUSD","A","1997",0.927803,
"BEL","PPP","TOT","NATUSD","A","1998",0.935637,
"BEL","PPP","TOT","NATUSD","A","1999",0.931348,
"BEL","PPP","TOT","NATUSD","A","2000",0.899723,
"BEL","PPP","TOT","NATUSD","A","2001",0.892244,
"BEL","PPP","TOT","NATUSD","A","2002",0.8733,
"BEL","PPP","TOT","NATUSD","A","2003",0.877016,
"BEL","PPP","TOT","NATUSD","A","2004",0.889063,
"BEL","PPP","TOT","NATUSD","A","2005",0.891788,
"BEL","PPP","TOT","NATUSD","A","2006",0.87544,
"BEL","PPP","TOT","NATUSD","A","2007",0.880041,
"BEL","PPP","TOT","NATUSD","A","2008",0.86694,
"BEL","PPP","TOT","NATUSD","A","2009",0.849484,
"BEL","PPP","TOT","NATUSD","A","2010",0.835934,
"BEL","PPP","TOT","NATUSD","A","2011",0.831911,
"BEL","PPP","TOT","NATUSD","A","2012",0.822137,
"BEL","PPP","TOT","NATUSD","A","2013",0.806166,
"BEL","PPP","TOT","NATUSD","A","2014",0.800214,
"BEL","PPP","TOT","NATUSD","A","2015",0.799998,
"BEL","PPP","TOT","NATUSD","A","2016",0.781011,
"BEL","PPP","TOT","NATUSD","A","2017",0.773165,
"BEL","PPP","TOT","NATUSD","A","2018",0.741613,
"BEL","PPP","TOT","NATUSD","A","2019",0.735893,
"CAN","PPP","TOT","NATUSD","A","1990",1.241965,
"CAN","PPP","TOT","NATUSD","A","1991",1.237998,
"CAN","PPP","TOT","NATUSD","A","1992",1.228098,
"CAN","PPP","TOT","NATUSD","A","1993",1.215102,
"CAN","PPP","TOT","NATUSD","A","1994",1.20701,
"CAN","PPP","TOT","NATUSD","A","1995",1.208841,
"CAN","PPP","TOT","NATUSD","A","1996",1.207821,
"CAN","PPP","TOT","NATUSD","A","1997",1.200974,
"CAN","PPP","TOT","NATUSD","A","1998",1.185448,
"CAN","PPP","TOT","NATUSD","A","1999",1.19081,
"CAN","PPP","TOT","NATUSD","A","2000",1.227563,
"CAN","PPP","TOT","NATUSD","A","2001",1.221139,
"CAN","PPP","TOT","NATUSD","A","2002",1.229333,
"CAN","PPP","TOT","NATUSD","A","2003",1.226338,
"CAN","PPP","TOT","NATUSD","A","2004",1.233195,
"CAN","PPP","TOT","NATUSD","A","2005",1.213644,
"CAN","PPP","TOT","NATUSD","A","2006",1.205778,
"CAN","PPP","TOT","NATUSD","A","2007",1.212706,
"CAN","PPP","TOT","NATUSD","A","2008",1.23439,
"CAN","PPP","TOT","NATUSD","A","2009",1.201369,
"CAN","PPP","TOT","NATUSD","A","2010",1.221371,
"CAN","PPP","TOT","NATUSD","A","2011",1.239904,
"CAN","PPP","TOT","NATUSD","A","2012",1.244607,
"CAN","PPP","TOT","NATUSD","A","2013",1.224,
"CAN","PPP","TOT","NATUSD","A","2014",1.230358,
"CAN","PPP","TOT","NATUSD","A","2015",1.248042,
"CAN","PPP","TOT","NATUSD","A","2016",1.207045,
"CAN","PPP","TOT","NATUSD","A","2017",1.2083,
"CAN","PPP","TOT","NATUSD","A","2018",1.178077,
"CAN","PPP","TOT","NATUSD","A","2019",1.186223,
"CZE","PPP","TOT","NATUSD","A","1990",5.539975,
"CZE","PPP","TOT","NATUSD","A","1991",7.298217,
"CZE","PPP","TOT","NATUSD","A","1992",8.017368,
"CZE","PPP","TOT","NATUSD","A","1993",9.47718,
"CZE","PPP","TOT","NATUSD","A","1994",10.424254,
"CZE","PPP","TOT","NATUSD","A","1995",11.179863,
"CZE","PPP","TOT","NATUSD","A","1996",12.101799,
"CZE","PPP","TOT","NATUSD","A","1997",12.907649,
"CZE","PPP","TOT","NATUSD","A","1998",13.987701,
"CZE","PPP","TOT","NATUSD","A","1999",14.22935,
"CZE","PPP","TOT","NATUSD","A","2000",14.326189,
"CZE","PPP","TOT","NATUSD","A","2001",14.320106,
"CZE","PPP","TOT","NATUSD","A","2002",14.458321,
"CZE","PPP","TOT","NATUSD","A","2003",14.19064,
"CZE","PPP","TOT","NATUSD","A","2004",14.438093,
"CZE","PPP","TOT","NATUSD","A","2005",14.562493,
"CZE","PPP","TOT","NATUSD","A","2006",14.433858,
"CZE","PPP","TOT","NATUSD","A","2007",14.276106,
"CZE","PPP","TOT","NATUSD","A","2008",13.916713,
"CZE","PPP","TOT","NATUSD","A","2009",13.628403,
"CZE","PPP","TOT","NATUSD","A","2010",13.661572,
"CZE","PPP","TOT","NATUSD","A","2011",13.345305,
"CZE","PPP","TOT","NATUSD","A","2012",13.297699,
"CZE","PPP","TOT","NATUSD","A","2013",12.785271,
"CZE","PPP","TOT","NATUSD","A","2014",12.70321,
"CZE","PPP","TOT","NATUSD","A","2015",12.93798,
"CZE","PPP","TOT","NATUSD","A","2016",12.576343,
"CZE","PPP","TOT","NATUSD","A","2017",12.385437,
"CZE","PPP","TOT","NATUSD","A","2018",11.993455,
"CZE","PPP","TOT","NATUSD","A","2019",12.163287,
"DNK","PPP","TOT","NATUSD","A","1990",9.144147,
"DNK","PPP","TOT","NATUSD","A","1991",9.080259,
"DNK","PPP","TOT","NATUSD","A","1992",9.02495,
"DNK","PPP","TOT","NATUSD","A","1993",8.867198,
"DNK","PPP","TOT","NATUSD","A","1994",8.817723,
"DNK","PPP","TOT","NATUSD","A","1995",8.747383,
"DNK","PPP","TOT","NATUSD","A","1996",8.728955,
"DNK","PPP","TOT","NATUSD","A","1997",8.702545,
"DNK","PPP","TOT","NATUSD","A","1998",8.662036,
"DNK","PPP","TOT","NATUSD","A","1999",8.752578,
"DNK","PPP","TOT","NATUSD","A","2000",8.667529,
"DNK","PPP","TOT","NATUSD","A","2001",8.690645,
"DNK","PPP","TOT","NATUSD","A","2002",8.561606,
"DNK","PPP","TOT","NATUSD","A","2003",8.656778,
"DNK","PPP","TOT","NATUSD","A","2004",8.466842,
"DNK","PPP","TOT","NATUSD","A","2005",8.569438,
"DNK","PPP","TOT","NATUSD","A","2006",8.298208,
"DNK","PPP","TOT","NATUSD","A","2007",8.172364,
"DNK","PPP","TOT","NATUSD","A","2008",7.944128,
"DNK","PPP","TOT","NATUSD","A","2009",7.725447,
"DNK","PPP","TOT","NATUSD","A","2010",7.585045,
"DNK","PPP","TOT","NATUSD","A","2011",7.466492,
"DNK","PPP","TOT","NATUSD","A","2012",7.564136,
"DNK","PPP","TOT","NATUSD","A","2013",7.354846,
"DNK","PPP","TOT","NATUSD","A","2014",7.328674,
"DNK","PPP","TOT","NATUSD","A","2015",7.305357,
"DNK","PPP","TOT","NATUSD","A","2016",7.079856,
"DNK","PPP","TOT","NATUSD","A","2017",6.849806,
"DNK","PPP","TOT","NATUSD","A","2018",6.562013,
"DNK","PPP","TOT","NATUSD","A","2019",6.463254,
"FIN","PPP","TOT","NATUSD","A","1990",1.007679,
"FIN","PPP","TOT","NATUSD","A","1991",0.989452,
"FIN","PPP","TOT","NATUSD","A","1992",0.975994,
"FIN","PPP","TOT","NATUSD","A","1993",0.970241,
"FIN","PPP","TOT","NATUSD","A","1994",0.967486,
"FIN","PPP","TOT","NATUSD","A","1995",0.987427,
"FIN","PPP","TOT","NATUSD","A","1996",0.994102,
"FIN","PPP","TOT","NATUSD","A","1997",0.989515,
"FIN","PPP","TOT","NATUSD","A","1998",0.991565,
"FIN","PPP","TOT","NATUSD","A","1999",0.992037,
"FIN","PPP","TOT","NATUSD","A","2000",0.983695,
"FIN","PPP","TOT","NATUSD","A","2001",1.002505,
"FIN","PPP","TOT","NATUSD","A","2002",0.998133,
"FIN","PPP","TOT","NATUSD","A","2003",1.003035,
"FIN","PPP","TOT","NATUSD","A","2004",0.974018,
"FIN","PPP","TOT","NATUSD","A","2005",0.979424,
"FIN","PPP","TOT","NATUSD","A","2006",0.95414,
"FIN","PPP","TOT","NATUSD","A","2007",0.935952,
"FIN","PPP","TOT","NATUSD","A","2008",0.912125,
"FIN","PPP","TOT","NATUSD","A","2009",0.895842,
"FIN","PPP","TOT","NATUSD","A","2010",0.899789,
"FIN","PPP","TOT","NATUSD","A","2011",0.898068,
"FIN","PPP","TOT","NATUSD","A","2012",0.908495,
"FIN","PPP","TOT","NATUSD","A","2013",0.905357,
"FIN","PPP","TOT","NATUSD","A","2014",0.90721,
"FIN","PPP","TOT","NATUSD","A","2015",0.907748,
"FIN","PPP","TOT","NATUSD","A","2016",0.880895,
"FIN","PPP","TOT","NATUSD","A","2017",0.860908,
"FIN","PPP","TOT","NATUSD","A","2018",0.825529,
"FIN","PPP","TOT","NATUSD","A","2019",0.819545,
"FRA","PPP","TOT","NATUSD","A","1990",1.027381,
"FRA","PPP","TOT","NATUSD","A","1991",1.019087,
"FRA","PPP","TOT","NATUSD","A","1992",1.015979,
"FRA","PPP","TOT","NATUSD","A","1993",1.008578,
"FRA","PPP","TOT","NATUSD","A","1994",0.996625,
"FRA","PPP","TOT","NATUSD","A","1995",0.987135,
"FRA","PPP","TOT","NATUSD","A","1996",0.983624,
"FRA","PPP","TOT","NATUSD","A","1997",0.969551,
"FRA","PPP","TOT","NATUSD","A","1998",0.961614,
"FRA","PPP","TOT","NATUSD","A","1999",0.952721,
"FRA","PPP","TOT","NATUSD","A","2000",0.929965,
"FRA","PPP","TOT","NATUSD","A","2001",0.911554,
"FRA","PPP","TOT","NATUSD","A","2002",0.900678,
"FRA","PPP","TOT","NATUSD","A","2003",0.930853,
"FRA","PPP","TOT","NATUSD","A","2004",0.935902,
"FRA","PPP","TOT","NATUSD","A","2005",0.916458,
"FRA","PPP","TOT","NATUSD","A","2006",0.895886,
"FRA","PPP","TOT","NATUSD","A","2007",0.889851,
"FRA","PPP","TOT","NATUSD","A","2008",0.881874,
"FRA","PPP","TOT","NATUSD","A","2009",0.862331,
"FRA","PPP","TOT","NATUSD","A","2010",0.85398,
"FRA","PPP","TOT","NATUSD","A","2011",0.841361,
"FRA","PPP","TOT","NATUSD","A","2012",0.844301,
"FRA","PPP","TOT","NATUSD","A","2013",0.811643,
"FRA","PPP","TOT","NATUSD","A","2014",0.807565,
"FRA","PPP","TOT","NATUSD","A","2015",0.808694,
"FRA","PPP","TOT","NATUSD","A","2016",0.780044,
"FRA","PPP","TOT","NATUSD","A","2017",0.767657,
"FRA","PPP","TOT","NATUSD","A","2018",0.73234,
"FRA","PPP","TOT","NATUSD","A","2019",0.709358,
"DEU","PPP","TOT","NATUSD","A","1990",0.948976,
"DEU","PPP","TOT","NATUSD","A","1991",0.946252,
"DEU","PPP","TOT","NATUSD","A","1992",0.97426,
"DEU","PPP","TOT","NATUSD","A","1993",0.988672,
"DEU","PPP","TOT","NATUSD","A","1994",0.987862,
"DEU","PPP","TOT","NATUSD","A","1995",0.986744,
"DEU","PPP","TOT","NATUSD","A","1996",0.976539,
"DEU","PPP","TOT","NATUSD","A","1997",0.973221,
"DEU","PPP","TOT","NATUSD","A","1998",0.968747,
"DEU","PPP","TOT","NATUSD","A","1999",0.954119,
"DEU","PPP","TOT","NATUSD","A","2000",0.942801,
"DEU","PPP","TOT","NATUSD","A","2001",0.929565,
"DEU","PPP","TOT","NATUSD","A","2002",0.913257,
"DEU","PPP","TOT","NATUSD","A","2003",0.896861,
"DEU","PPP","TOT","NATUSD","A","2004",0.875789,
"DEU","PPP","TOT","NATUSD","A","2005",0.872721,
"DEU","PPP","TOT","NATUSD","A","2006",0.84871,
"DEU","PPP","TOT","NATUSD","A","2007",0.83832,
"DEU","PPP","TOT","NATUSD","A","2008",0.820401,
"DEU","PPP","TOT","NATUSD","A","2009",0.81051,
"DEU","PPP","TOT","NATUSD","A","2010",0.804426,
"DEU","PPP","TOT","NATUSD","A","2011",0.788739,
"DEU","PPP","TOT","NATUSD","A","2012",0.787246,
"DEU","PPP","TOT","NATUSD","A","2013",0.774784,
"DEU","PPP","TOT","NATUSD","A","2014",0.768937,
"DEU","PPP","TOT","NATUSD","A","2015",0.778122,
"DEU","PPP","TOT","NATUSD","A","2016",0.752608,
"DEU","PPP","TOT","NATUSD","A","2017",0.742412,
"DEU","PPP","TOT","NATUSD","A","2018",0.714152,
"DEU","PPP","TOT","NATUSD","A","2019",0.721158,
"GRC","PPP","TOT","NATUSD","A","1990",0.336309,
"GRC","PPP","TOT","NATUSD","A","1991",0.389679,
"GRC","PPP","TOT","NATUSD","A","1992",0.437379,
"GRC","PPP","TOT","NATUSD","A","1993",0.488904,
"GRC","PPP","TOT","NATUSD","A","1994",0.532208,
"GRC","PPP","TOT","NATUSD","A","1995",0.57232,
"GRC","PPP","TOT","NATUSD","A","1996",0.602871,
"GRC","PPP","TOT","NATUSD","A","1997",0.627391,
"GRC","PPP","TOT","NATUSD","A","1998",0.647942,
"GRC","PPP","TOT","NATUSD","A","1999",0.67328,
"GRC","PPP","TOT","NATUSD","A","2000",0.669482,
"GRC","PPP","TOT","NATUSD","A","2001",0.668361,
"GRC","PPP","TOT","NATUSD","A","2002",0.662967,
"GRC","PPP","TOT","NATUSD","A","2003",0.685789,
"GRC","PPP","TOT","NATUSD","A","2004",0.69509,
"GRC","PPP","TOT","NATUSD","A","2005",0.708976,
"GRC","PPP","TOT","NATUSD","A","2006",0.693383,
"GRC","PPP","TOT","NATUSD","A","2007",0.71919,
"GRC","PPP","TOT","NATUSD","A","2008",0.707951,
"GRC","PPP","TOT","NATUSD","A","2009",0.703914,
"GRC","PPP","TOT","NATUSD","A","2010",0.721426,
"GRC","PPP","TOT","NATUSD","A","2011",0.713163,
"GRC","PPP","TOT","NATUSD","A","2012",0.684663,
"GRC","PPP","TOT","NATUSD","A","2013",0.631286,
"GRC","PPP","TOT","NATUSD","A","2014",0.611135,
"GRC","PPP","TOT","NATUSD","A","2015",0.60907,
"GRC","PPP","TOT","NATUSD","A","2016",0.58858,
"GRC","PPP","TOT","NATUSD","A","2017",0.573211,
"GRC","PPP","TOT","NATUSD","A","2018",0.546923,
"GRC","PPP","TOT","NATUSD","A","2019",0.538129,
"HUN","PPP","TOT","NATUSD","A","1991",30.147606,
"HUN","PPP","TOT","NATUSD","A","1992",35.815898,
"HUN","PPP","TOT","NATUSD","A","1993",42.431642,
"HUN","PPP","TOT","NATUSD","A","1994",49.641977,
"HUN","PPP","TOT","NATUSD","A","1995",61.620581,
"HUN","PPP","TOT","NATUSD","A","1996",74.039125,
"HUN","PPP","TOT","NATUSD","A","1997",87.41276,
"HUN","PPP","TOT","NATUSD","A","1998",97.826346,
"HUN","PPP","TOT","NATUSD","A","1999",104.545883,
"HUN","PPP","TOT","NATUSD","A","2000",110.038733,
"HUN","PPP","TOT","NATUSD","A","2001",114.39074,
"HUN","PPP","TOT","NATUSD","A","2002",118.141282,
"HUN","PPP","TOT","NATUSD","A","2003",122.138071,
"HUN","PPP","TOT","NATUSD","A","2004",128.488476,
"HUN","PPP","TOT","NATUSD","A","2005",130.929945,
"HUN","PPP","TOT","NATUSD","A","2006",131.666648,
"HUN","PPP","TOT","NATUSD","A","2007",134.229736,
"HUN","PPP","TOT","NATUSD","A","2008",131.005355,
"HUN","PPP","TOT","NATUSD","A","2009",127.596365,
"HUN","PPP","TOT","NATUSD","A","2010",126.314168,
"HUN","PPP","TOT","NATUSD","A","2011",124.271836,
"HUN","PPP","TOT","NATUSD","A","2012",125.623608,
"HUN","PPP","TOT","NATUSD","A","2013",124.979432,
"HUN","PPP","TOT","NATUSD","A","2014",129.414974,
"HUN","PPP","TOT","NATUSD","A","2015",132.55351,
"HUN","PPP","TOT","NATUSD","A","2016",132.033797,
"HUN","PPP","TOT","NATUSD","A","2017",135.603512,
"HUN","PPP","TOT","NATUSD","A","2018",135.049605,
"HUN","PPP","TOT","NATUSD","A","2019",139.084533,
"ISL","PPP","TOT","NATUSD","A","1990",67.458914,
"ISL","PPP","TOT","NATUSD","A","1991",70.710816,
"ISL","PPP","TOT","NATUSD","A","1992",71.519962,
"ISL","PPP","TOT","NATUSD","A","1993",71.144486,
"ISL","PPP","TOT","NATUSD","A","1994",71.47048,
"ISL","PPP","TOT","NATUSD","A","1995",72.101022,
"ISL","PPP","TOT","NATUSD","A","1996",74.303174,
"ISL","PPP","TOT","NATUSD","A","1997",73.690118,
"ISL","PPP","TOT","NATUSD","A","1998",76.665861,
"ISL","PPP","TOT","NATUSD","A","1999",79.246596,
"ISL","PPP","TOT","NATUSD","A","2000",84.696713,
"ISL","PPP","TOT","NATUSD","A","2001",88.28279,
"ISL","PPP","TOT","NATUSD","A","2002",91.105413,
"ISL","PPP","TOT","NATUSD","A","2003",92.703742,
"ISL","PPP","TOT","NATUSD","A","2004",93.364105,
"ISL","PPP","TOT","NATUSD","A","2005",95.840665,
"ISL","PPP","TOT","NATUSD","A","2006",101.768885,
"ISL","PPP","TOT","NATUSD","A","2007",107.491314,
"ISL","PPP","TOT","NATUSD","A","2008",114.527003,
"ISL","PPP","TOT","NATUSD","A","2009",121.886207,
"ISL","PPP","TOT","NATUSD","A","2010",132.779525,
"ISL","PPP","TOT","NATUSD","A","2011",135.152004,
"ISL","PPP","TOT","NATUSD","A","2012",136.96767,
"ISL","PPP","TOT","NATUSD","A","2013",137.022617,
"ISL","PPP","TOT","NATUSD","A","2014",138.547869,
"ISL","PPP","TOT","NATUSD","A","2015",141.974926,
"ISL","PPP","TOT","NATUSD","A","2016",140.02995,
"ISL","PPP","TOT","NATUSD","A","2017",137.837033,
"ISL","PPP","TOT","NATUSD","A","2018",134.065521,
"ISL","PPP","TOT","NATUSD","A","2019",136.49684,
"IRL","PPP","TOT","NATUSD","A","1990",0.785697,
"IRL","PPP","TOT","NATUSD","A","1991",0.773686,
"IRL","PPP","TOT","NATUSD","A","1992",0.77772,
"IRL","PPP","TOT","NATUSD","A","1993",0.799042,
"IRL","PPP","TOT","NATUSD","A","1994",0.795593,
"IRL","PPP","TOT","NATUSD","A","1995",0.802896,
"IRL","PPP","TOT","NATUSD","A","1996",0.809337,
"IRL","PPP","TOT","NATUSD","A","1997",0.83474,
"IRL","PPP","TOT","NATUSD","A","1998",0.863389,
"IRL","PPP","TOT","NATUSD","A","1999",0.913882,
"IRL","PPP","TOT","NATUSD","A","2000",0.943538,
"IRL","PPP","TOT","NATUSD","A","2001",0.969212,
"IRL","PPP","TOT","NATUSD","A","2002",0.981997,
"IRL","PPP","TOT","NATUSD","A","2003",1.004971,
"IRL","PPP","TOT","NATUSD","A","2004",0.991974,
"IRL","PPP","TOT","NATUSD","A","2005",1.011707,
"IRL","PPP","TOT","NATUSD","A","2006",0.979542,
"IRL","PPP","TOT","NATUSD","A","2007",0.958956,
"IRL","PPP","TOT","NATUSD","A","2008",0.944447,
"IRL","PPP","TOT","NATUSD","A","2009",0.900621,
"IRL","PPP","TOT","NATUSD","A","2010",0.848854,
"IRL","PPP","TOT","NATUSD","A","2011",0.831513,
"IRL","PPP","TOT","NATUSD","A","2012",0.823072,
"IRL","PPP","TOT","NATUSD","A","2013",0.811228,
"IRL","PPP","TOT","NATUSD","A","2014",0.819041,
"IRL","PPP","TOT","NATUSD","A","2015",0.809686,
"IRL","PPP","TOT","NATUSD","A","2016",0.794289,
"IRL","PPP","TOT","NATUSD","A","2017",0.791876,
"IRL","PPP","TOT","NATUSD","A","2018",0.76698,
"IRL","PPP","TOT","NATUSD","A","2019",0.783487,
"ITA","PPP","TOT","NATUSD","A","1990",0.693124,
"ITA","PPP","TOT","NATUSD","A","1991",0.72128,
"ITA","PPP","TOT","NATUSD","A","1992",0.736014,
"ITA","PPP","TOT","NATUSD","A","1993",0.746918,
"ITA","PPP","TOT","NATUSD","A","1994",0.757208,
"ITA","PPP","TOT","NATUSD","A","1995",0.778185,
"ITA","PPP","TOT","NATUSD","A","1996",0.799648,
"ITA","PPP","TOT","NATUSD","A","1997",0.804486,
"ITA","PPP","TOT","NATUSD","A","1998",0.799865,
"ITA","PPP","TOT","NATUSD","A","1999",0.806447,
"ITA","PPP","TOT","NATUSD","A","2000",0.805011,
"ITA","PPP","TOT","NATUSD","A","2001",0.816163,
"ITA","PPP","TOT","NATUSD","A","2002",0.823489,
"ITA","PPP","TOT","NATUSD","A","2003",0.834324,
"ITA","PPP","TOT","NATUSD","A","2004",0.85257,
"ITA","PPP","TOT","NATUSD","A","2005",0.855139,
"ITA","PPP","TOT","NATUSD","A","2006",0.823944,
"ITA","PPP","TOT","NATUSD","A","2007",0.810364,
"ITA","PPP","TOT","NATUSD","A","2008",0.783694,
"ITA","PPP","TOT","NATUSD","A","2009",0.770755,
"ITA","PPP","TOT","NATUSD","A","2010",0.772539,
"ITA","PPP","TOT","NATUSD","A","2011",0.758687,
"ITA","PPP","TOT","NATUSD","A","2012",0.747731,
"ITA","PPP","TOT","NATUSD","A","2013",0.737299,
"ITA","PPP","TOT","NATUSD","A","2014",0.739644,
"ITA","PPP","TOT","NATUSD","A","2015",0.738694,
"ITA","PPP","TOT","NATUSD","A","2016",0.700544,
"ITA","PPP","TOT","NATUSD","A","2017",0.687699,
"ITA","PPP","TOT","NATUSD","A","2018",0.659106,
"ITA","PPP","TOT","NATUSD","A","2019",0.649176,
"JPN","PPP","TOT","NATUSD","A","1990",187.710514,
"JPN","PPP","TOT","NATUSD","A","1991",186.886354,
"JPN","PPP","TOT","NATUSD","A","1992",185.767602,
"JPN","PPP","TOT","NATUSD","A","1993",182.499528,
"JPN","PPP","TOT","NATUSD","A","1994",179.158384,
"JPN","PPP","TOT","NATUSD","A","1995",174.542779,
"JPN","PPP","TOT","NATUSD","A","1996",170.553311,
"JPN","PPP","TOT","NATUSD","A","1997",168.506941,
"JPN","PPP","TOT","NATUSD","A","1998",166.556261,
"JPN","PPP","TOT","NATUSD","A","1999",162.03574,
"JPN","PPP","TOT","NATUSD","A","2000",154.717851,
"JPN","PPP","TOT","NATUSD","A","2001",149.724877,
"JPN","PPP","TOT","NATUSD","A","2002",143.774205,
"JPN","PPP","TOT","NATUSD","A","2003",139.516091,
"JPN","PPP","TOT","NATUSD","A","2004",134.363066,
"JPN","PPP","TOT","NATUSD","A","2005",129.551955,
"JPN","PPP","TOT","NATUSD","A","2006",124.536829,
"JPN","PPP","TOT","NATUSD","A","2007",120.394201,
"JPN","PPP","TOT","NATUSD","A","2008",116.845814,
"JPN","PPP","TOT","NATUSD","A","2009",115.150066,
"JPN","PPP","TOT","NATUSD","A","2010",111.666587,
"JPN","PPP","TOT","NATUSD","A","2011",107.454281,
"JPN","PPP","TOT","NATUSD","A","2012",104.273972,
"JPN","PPP","TOT","NATUSD","A","2013",101.302673,
"JPN","PPP","TOT","NATUSD","A","2014",103.052076,
"JPN","PPP","TOT","NATUSD","A","2015",103.469437,
"JPN","PPP","TOT","NATUSD","A","2016",105.519502,
"JPN","PPP","TOT","NATUSD","A","2017",104.777319,
"JPN","PPP","TOT","NATUSD","A","2018",101.004517,
"JPN","PPP","TOT","NATUSD","A","2019",100.641115,
"KOR","PPP","TOT","NATUSD","A","1990",560.104722,
"KOR","PPP","TOT","NATUSD","A","1991",591.307505,
"KOR","PPP","TOT","NATUSD","A","1992",623.099327,
"KOR","PPP","TOT","NATUSD","A","1993",646.747942,
"KOR","PPP","TOT","NATUSD","A","1994",684.890835,
"KOR","PPP","TOT","NATUSD","A","1995",717.947266,
"KOR","PPP","TOT","NATUSD","A","1996",734.019605,
"KOR","PPP","TOT","NATUSD","A","1997",750.463803,
"KOR","PPP","TOT","NATUSD","A","1998",775.327404,
"KOR","PPP","TOT","NATUSD","A","1999",754.89297,
"KOR","PPP","TOT","NATUSD","A","2000",747.714956,
"KOR","PPP","TOT","NATUSD","A","2001",757.117476,
"KOR","PPP","TOT","NATUSD","A","2002",769.77179,
"KOR","PPP","TOT","NATUSD","A","2003",791.696603,
"KOR","PPP","TOT","NATUSD","A","2004",795.055445,
"KOR","PPP","TOT","NATUSD","A","2005",788.920135,
"KOR","PPP","TOT","NATUSD","A","2006",772.480419,
"KOR","PPP","TOT","NATUSD","A","2007",770.471026,
"KOR","PPP","TOT","NATUSD","A","2008",785.717886,
"KOR","PPP","TOT","NATUSD","A","2009",827.817613,
"KOR","PPP","TOT","NATUSD","A","2010",840.683012,
"KOR","PPP","TOT","NATUSD","A","2011",854.585723,
"KOR","PPP","TOT","NATUSD","A","2012",854.887268,
"KOR","PPP","TOT","NATUSD","A","2013",869.081422,
"KOR","PPP","TOT","NATUSD","A","2014",871.878106,
"KOR","PPP","TOT","NATUSD","A","2015",857.483387,
"KOR","PPP","TOT","NATUSD","A","2016",858.809687,
"KOR","PPP","TOT","NATUSD","A","2017",869.372342,
"KOR","PPP","TOT","NATUSD","A","2018",842.106508,
"KOR","PPP","TOT","NATUSD","A","2019",843.244508,
"LUX","PPP","TOT","NATUSD","A","1990",0.96832,
"LUX","PPP","TOT","NATUSD","A","1991",0.953719,
"LUX","PPP","TOT","NATUSD","A","1992",0.967241,
"LUX","PPP","TOT","NATUSD","A","1993",1.001289,
"LUX","PPP","TOT","NATUSD","A","1994",1.015082,
"LUX","PPP","TOT","NATUSD","A","1995",0.974946,
"LUX","PPP","TOT","NATUSD","A","1996",0.977094,
"LUX","PPP","TOT","NATUSD","A","1997",0.973888,
"LUX","PPP","TOT","NATUSD","A","1998",0.964435,
"LUX","PPP","TOT","NATUSD","A","1999",0.95763,
"LUX","PPP","TOT","NATUSD","A","2000",0.955437,
"LUX","PPP","TOT","NATUSD","A","2001",0.963233,
"LUX","PPP","TOT","NATUSD","A","2002",0.956996,
"LUX","PPP","TOT","NATUSD","A","2003",0.96571,
"LUX","PPP","TOT","NATUSD","A","2004",0.951997,
"LUX","PPP","TOT","NATUSD","A","2005",0.946363,
"LUX","PPP","TOT","NATUSD","A","2006",0.917918,
"LUX","PPP","TOT","NATUSD","A","2007",0.922537,
"LUX","PPP","TOT","NATUSD","A","2008",0.900045,
"LUX","PPP","TOT","NATUSD","A","2009",0.902341,
"LUX","PPP","TOT","NATUSD","A","2010",0.924932,
"LUX","PPP","TOT","NATUSD","A","2011",0.905099,
"LUX","PPP","TOT","NATUSD","A","2012",0.90679,
"LUX","PPP","TOT","NATUSD","A","2013",0.895254,
"LUX","PPP","TOT","NATUSD","A","2014",0.884138,
"LUX","PPP","TOT","NATUSD","A","2015",0.881261,
"LUX","PPP","TOT","NATUSD","A","2016",0.851894,
"LUX","PPP","TOT","NATUSD","A","2017",0.84561,
"LUX","PPP","TOT","NATUSD","A","2018",0.820934,
"LUX","PPP","TOT","NATUSD","A","2019",0.822397,
"MEX","PPP","TOT","NATUSD","A","1990",1.346927,
"MEX","PPP","TOT","NATUSD","A","1991",1.605792,
"MEX","PPP","TOT","NATUSD","A","1992",1.796268,
"MEX","PPP","TOT","NATUSD","A","1993",2.057499,
"MEX","PPP","TOT","NATUSD","A","1994",2.191969,
"MEX","PPP","TOT","NATUSD","A","1995",2.972768,
"MEX","PPP","TOT","NATUSD","A","1996",3.694261,
"MEX","PPP","TOT","NATUSD","A","1997",4.312385,
"MEX","PPP","TOT","NATUSD","A","1998",4.922369,
"MEX","PPP","TOT","NATUSD","A","1999",5.63367,
"MEX","PPP","TOT","NATUSD","A","2000",6.103027,
"MEX","PPP","TOT","NATUSD","A","2001",6.332835,
"MEX","PPP","TOT","NATUSD","A","2002",6.553697,
"MEX","PPP","TOT","NATUSD","A","2003",6.648073,
"MEX","PPP","TOT","NATUSD","A","2004",6.989209,
"MEX","PPP","TOT","NATUSD","A","2005",7.126862,
"MEX","PPP","TOT","NATUSD","A","2006",7.157871,
"MEX","PPP","TOT","NATUSD","A","2007",7.374153,
"MEX","PPP","TOT","NATUSD","A","2008",7.469532,
"MEX","PPP","TOT","NATUSD","A","2009",7.428654,
"MEX","PPP","TOT","NATUSD","A","2010",7.676843,
"MEX","PPP","TOT","NATUSD","A","2011",7.673013,
"MEX","PPP","TOT","NATUSD","A","2012",7.858708,
"MEX","PPP","TOT","NATUSD","A","2013",7.884359,
"MEX","PPP","TOT","NATUSD","A","2014",8.045318,
"MEX","PPP","TOT","NATUSD","A","2015",8.327595,
"MEX","PPP","TOT","NATUSD","A","2016",8.446043,
"MEX","PPP","TOT","NATUSD","A","2017",8.88443,
"MEX","PPP","TOT","NATUSD","A","2018",9.16075,
"MEX","PPP","TOT","NATUSD","A","2019",9.148021,
"NLD","PPP","TOT","NATUSD","A","1990",0.919695,
"NLD","PPP","TOT","NATUSD","A","1991",0.917341,
"NLD","PPP","TOT","NATUSD","A","1992",0.919286,
"NLD","PPP","TOT","NATUSD","A","1993",0.912355,
"NLD","PPP","TOT","NATUSD","A","1994",0.911706,
"NLD","PPP","TOT","NATUSD","A","1995",0.911419,
"NLD","PPP","TOT","NATUSD","A","1996",0.90738,
"NLD","PPP","TOT","NATUSD","A","1997",0.908977,
"NLD","PPP","TOT","NATUSD","A","1998",0.905982,
"NLD","PPP","TOT","NATUSD","A","1999",0.906357,
"NLD","PPP","TOT","NATUSD","A","2000",0.890163,
"NLD","PPP","TOT","NATUSD","A","2001",0.904694,
"NLD","PPP","TOT","NATUSD","A","2002",0.900863,
"NLD","PPP","TOT","NATUSD","A","2003",0.926458,
"NLD","PPP","TOT","NATUSD","A","2004",0.908546,
"NLD","PPP","TOT","NATUSD","A","2005",0.897139,
"NLD","PPP","TOT","NATUSD","A","2006",0.873084,
"NLD","PPP","TOT","NATUSD","A","2007",0.861245,
"NLD","PPP","TOT","NATUSD","A","2008",0.847775,
"NLD","PPP","TOT","NATUSD","A","2009",0.84772,
"NLD","PPP","TOT","NATUSD","A","2010",0.853394,
"NLD","PPP","TOT","NATUSD","A","2011",0.836065,
"NLD","PPP","TOT","NATUSD","A","2012",0.824408,
"NLD","PPP","TOT","NATUSD","A","2013",0.798166,
"NLD","PPP","TOT","NATUSD","A","2014",0.808798,
"NLD","PPP","TOT","NATUSD","A","2015",0.809978,
"NLD","PPP","TOT","NATUSD","A","2016",0.795448,
"NLD","PPP","TOT","NATUSD","A","2017",0.77966,
"NLD","PPP","TOT","NATUSD","A","2018",0.752016,
"NLD","PPP","TOT","NATUSD","A","2019",0.762769,
"NZL","PPP","TOT","NATUSD","A","1990",1.53859,
"NZL","PPP","TOT","NATUSD","A","1991",1.492342,
"NZL","PPP","TOT","NATUSD","A","1992",1.486938,
"NZL","PPP","TOT","NATUSD","A","1993",1.483369,
"NZL","PPP","TOT","NATUSD","A","1994",1.46415,
"NZL","PPP","TOT","NATUSD","A","1995",1.462862,
"NZL","PPP","TOT","NATUSD","A","1996",1.467213,
"NZL","PPP","TOT","NATUSD","A","1997",1.448473,
"NZL","PPP","TOT","NATUSD","A","1998",1.447791,
"NZL","PPP","TOT","NATUSD","A","1999",1.43466,
"NZL","PPP","TOT","NATUSD","A","2000",1.443906,
"NZL","PPP","TOT","NATUSD","A","2001",1.474387,
"NZL","PPP","TOT","NATUSD","A","2002",1.468962,
"NZL","PPP","TOT","NATUSD","A","2003",1.49747,
"NZL","PPP","TOT","NATUSD","A","2004",1.507677,
"NZL","PPP","TOT","NATUSD","A","2005",1.535,
"NZL","PPP","TOT","NATUSD","A","2006",1.481508,
"NZL","PPP","TOT","NATUSD","A","2007",1.505519,
"NZL","PPP","TOT","NATUSD","A","2008",1.490709,
"NZL","PPP","TOT","NATUSD","A","2009",1.470995,
"NZL","PPP","TOT","NATUSD","A","2010",1.496126,
"NZL","PPP","TOT","NATUSD","A","2011",1.485915,
"NZL","PPP","TOT","NATUSD","A","2012",1.495622,
"NZL","PPP","TOT","NATUSD","A","2013",1.445979,
"NZL","PPP","TOT","NATUSD","A","2014",1.44073,
"NZL","PPP","TOT","NATUSD","A","2015",1.478014,
"NZL","PPP","TOT","NATUSD","A","2016",1.441008,
"NZL","PPP","TOT","NATUSD","A","2017",1.426552,
"NZL","PPP","TOT","NATUSD","A","2018",1.389902,
"NZL","PPP","TOT","NATUSD","A","2019",1.407576,
"NOR","PPP","TOT","NATUSD","A","1990",9.599692,
"NOR","PPP","TOT","NATUSD","A","1991",9.491041,
"NOR","PPP","TOT","NATUSD","A","1992",9.220206,
"NOR","PPP","TOT","NATUSD","A","1993",9.213305,
"NOR","PPP","TOT","NATUSD","A","1994",9.006615,
"NOR","PPP","TOT","NATUSD","A","1995",9.091711,
"NOR","PPP","TOT","NATUSD","A","1996",8.995578,
"NOR","PPP","TOT","NATUSD","A","1997",9.059569,
"NOR","PPP","TOT","NATUSD","A","1998",9.312731,
"NOR","PPP","TOT","NATUSD","A","1999",9.283739,
"NOR","PPP","TOT","NATUSD","A","2000",9.082606,
"NOR","PPP","TOT","NATUSD","A","2001",9.173071,
"NOR","PPP","TOT","NATUSD","A","2002",9.05673,
"NOR","PPP","TOT","NATUSD","A","2003",9.206974,
"NOR","PPP","TOT","NATUSD","A","2004",9.133219,
"NOR","PPP","TOT","NATUSD","A","2005",9.005204,
"NOR","PPP","TOT","NATUSD","A","2006",8.791878,
"NOR","PPP","TOT","NATUSD","A","2007",8.933784,
"NOR","PPP","TOT","NATUSD","A","2008",8.859281,
"NOR","PPP","TOT","NATUSD","A","2009",9.077231,
"NOR","PPP","TOT","NATUSD","A","2010",9.144245,
"NOR","PPP","TOT","NATUSD","A","2011",9.082736,
"NOR","PPP","TOT","NATUSD","A","2012",9.037085,
"NOR","PPP","TOT","NATUSD","A","2013",9.029349,
"NOR","PPP","TOT","NATUSD","A","2014",9.278458,
"NOR","PPP","TOT","NATUSD","A","2015",9.932516,
"NOR","PPP","TOT","NATUSD","A","2016",10.0419,
"NOR","PPP","TOT","NATUSD","A","2017",9.718796,
"NOR","PPP","TOT","NATUSD","A","2018",9.303837,
"NOR","PPP","TOT","NATUSD","A","2019",9.480528,
"POL","PPP","TOT","NATUSD","A","1990",0.266545,
"POL","PPP","TOT","NATUSD","A","1991",0.40029,
"POL","PPP","TOT","NATUSD","A","1992",0.542539,
"POL","PPP","TOT","NATUSD","A","1993",0.692384,
"POL","PPP","TOT","NATUSD","A","1994",0.930321,
"POL","PPP","TOT","NATUSD","A","1995",1.166157,
"POL","PPP","TOT","NATUSD","A","1996",1.354124,
"POL","PPP","TOT","NATUSD","A","1997",1.513514,
"POL","PPP","TOT","NATUSD","A","1998",1.655067,
"POL","PPP","TOT","NATUSD","A","1999",1.737656,
"POL","PPP","TOT","NATUSD","A","2000",1.832369,
"POL","PPP","TOT","NATUSD","A","2001",1.836811,
"POL","PPP","TOT","NATUSD","A","2002",1.799795,
"POL","PPP","TOT","NATUSD","A","2003",1.806327,
"POL","PPP","TOT","NATUSD","A","2004",1.831563,
"POL","PPP","TOT","NATUSD","A","2005",1.867595,
"POL","PPP","TOT","NATUSD","A","2006",1.852931,
"POL","PPP","TOT","NATUSD","A","2007",1.856189,
"POL","PPP","TOT","NATUSD","A","2008",1.842243,
"POL","PPP","TOT","NATUSD","A","2009",1.867782,
"POL","PPP","TOT","NATUSD","A","2010",1.803438,
"POL","PPP","TOT","NATUSD","A","2011",1.801424,
"POL","PPP","TOT","NATUSD","A","2012",1.796168,
"POL","PPP","TOT","NATUSD","A","2013",1.762045,
"POL","PPP","TOT","NATUSD","A","2014",1.767142,
"POL","PPP","TOT","NATUSD","A","2015",1.765116,
"POL","PPP","TOT","NATUSD","A","2016",1.732843,
"POL","PPP","TOT","NATUSD","A","2017",1.737332,
"POL","PPP","TOT","NATUSD","A","2018",1.693585,
"POL","PPP","TOT","NATUSD","A","2019",1.713336,
"PRT","PPP","TOT","NATUSD","A","1990",0.47711,
"PRT","PPP","TOT","NATUSD","A","1991",0.508051,
"PRT","PPP","TOT","NATUSD","A","1992",0.553587,
"PRT","PPP","TOT","NATUSD","A","1993",0.580664,
"PRT","PPP","TOT","NATUSD","A","1994",0.609899,
"PRT","PPP","TOT","NATUSD","A","1995",0.617855,
"PRT","PPP","TOT","NATUSD","A","1996",0.629844,
"PRT","PPP","TOT","NATUSD","A","1997",0.641364,
"PRT","PPP","TOT","NATUSD","A","1998",0.656809,
"PRT","PPP","TOT","NATUSD","A","1999",0.660642,
"PRT","PPP","TOT","NATUSD","A","2000",0.660828,
"PRT","PPP","TOT","NATUSD","A","2001",0.670763,
"PRT","PPP","TOT","NATUSD","A","2002",0.672081,
"PRT","PPP","TOT","NATUSD","A","2003",0.670488,
"PRT","PPP","TOT","NATUSD","A","2004",0.676708,
"PRT","PPP","TOT","NATUSD","A","2005",0.664259,
"PRT","PPP","TOT","NATUSD","A","2006",0.641013,
"PRT","PPP","TOT","NATUSD","A","2007",0.647602,
"PRT","PPP","TOT","NATUSD","A","2008",0.636148,
"PRT","PPP","TOT","NATUSD","A","2009",0.626868,
"PRT","PPP","TOT","NATUSD","A","2010",0.622647,
"PRT","PPP","TOT","NATUSD","A","2011",0.623083,
"PRT","PPP","TOT","NATUSD","A","2012",0.605398,
"PRT","PPP","TOT","NATUSD","A","2013",0.583607,
"PRT","PPP","TOT","NATUSD","A","2014",0.578868,
"PRT","PPP","TOT","NATUSD","A","2015",0.584947,
"PRT","PPP","TOT","NATUSD","A","2016",0.571416,
"PRT","PPP","TOT","NATUSD","A","2017",0.573856,
"PRT","PPP","TOT","NATUSD","A","2018",0.5537,
"PRT","PPP","TOT","NATUSD","A","2019",0.547768,
"SVK","PPP","TOT","NATUSD","A","1992",0.315357,
"SVK","PPP","TOT","NATUSD","A","1993",0.355396,
"SVK","PPP","TOT","NATUSD","A","1994",0.394761,
"SVK","PPP","TOT","NATUSD","A","1995",0.424898,
"SVK","PPP","TOT","NATUSD","A","1996",0.436939,
"SVK","PPP","TOT","NATUSD","A","1997",0.450574,
"SVK","PPP","TOT","NATUSD","A","1998",0.466079,
"SVK","PPP","TOT","NATUSD","A","1999",0.494406,
"SVK","PPP","TOT","NATUSD","A","2000",0.516226,
"SVK","PPP","TOT","NATUSD","A","2001",0.515601,
"SVK","PPP","TOT","NATUSD","A","2002",0.521518,
"SVK","PPP","TOT","NATUSD","A","2003",0.544909,
"SVK","PPP","TOT","NATUSD","A","2004",0.564956,
"SVK","PPP","TOT","NATUSD","A","2005",0.564715,
"SVK","PPP","TOT","NATUSD","A","2006",0.555338,
"SVK","PPP","TOT","NATUSD","A","2007",0.554435,
"SVK","PPP","TOT","NATUSD","A","2008",0.53743,
"SVK","PPP","TOT","NATUSD","A","2009",0.515184,
"SVK","PPP","TOT","NATUSD","A","2010",0.501703,
"SVK","PPP","TOT","NATUSD","A","2011",0.506407,
"SVK","PPP","TOT","NATUSD","A","2012",0.504542,
"SVK","PPP","TOT","NATUSD","A","2013",0.491124,
"SVK","PPP","TOT","NATUSD","A","2014",0.485412,
"SVK","PPP","TOT","NATUSD","A","2015",0.491548,
"SVK","PPP","TOT","NATUSD","A","2016",0.503194,
"SVK","PPP","TOT","NATUSD","A","2017",0.51479,
"SVK","PPP","TOT","NATUSD","A","2018",0.504794,
"SVK","PPP","TOT","NATUSD","A","2019",0.513491,
"ESP","PPP","TOT","NATUSD","A","1990",0.619435,
"ESP","PPP","TOT","NATUSD","A","1991",0.640726,
"ESP","PPP","TOT","NATUSD","A","1992",0.668489,
"ESP","PPP","TOT","NATUSD","A","1993",0.682646,
"ESP","PPP","TOT","NATUSD","A","1994",0.694306,
"ESP","PPP","TOT","NATUSD","A","1995",0.713594,
"ESP","PPP","TOT","NATUSD","A","1996",0.724042,
"ESP","PPP","TOT","NATUSD","A","1997",0.723932,
"ESP","PPP","TOT","NATUSD","A","1998",0.723853,
"ESP","PPP","TOT","NATUSD","A","1999",0.73921,
"ESP","PPP","TOT","NATUSD","A","2000",0.739549,
"ESP","PPP","TOT","NATUSD","A","2001",0.747416,
"ESP","PPP","TOT","NATUSD","A","2002",0.742312,
"ESP","PPP","TOT","NATUSD","A","2003",0.760047,
"ESP","PPP","TOT","NATUSD","A","2004",0.76653,
"ESP","PPP","TOT","NATUSD","A","2005",0.769508,
"ESP","PPP","TOT","NATUSD","A","2006",0.736983,
"ESP","PPP","TOT","NATUSD","A","2007",0.7333,
"ESP","PPP","TOT","NATUSD","A","2008",0.725862,
"ESP","PPP","TOT","NATUSD","A","2009",0.718152,
"ESP","PPP","TOT","NATUSD","A","2010",0.72637,
"ESP","PPP","TOT","NATUSD","A","2011",0.714129,
"ESP","PPP","TOT","NATUSD","A","2012",0.694976,
"ESP","PPP","TOT","NATUSD","A","2013",0.6748,
"ESP","PPP","TOT","NATUSD","A","2014",0.662359,
"ESP","PPP","TOT","NATUSD","A","2015",0.66474,
"ESP","PPP","TOT","NATUSD","A","2016",0.642644,
"ESP","PPP","TOT","NATUSD","A","2017",0.628831,
"ESP","PPP","TOT","NATUSD","A","2018",0.612611,
"ESP","PPP","TOT","NATUSD","A","2019",0.607903,
"SWE","PPP","TOT","NATUSD","A","1990",8.886935,
"SWE","PPP","TOT","NATUSD","A","1991",9.305145,
"SWE","PPP","TOT","NATUSD","A","1992",9.190188,
"SWE","PPP","TOT","NATUSD","A","1993",9.176092,
"SWE","PPP","TOT","NATUSD","A","1994",9.21676,
"SWE","PPP","TOT","NATUSD","A","1995",9.371542,
"SWE","PPP","TOT","NATUSD","A","1996",9.268636,
"SWE","PPP","TOT","NATUSD","A","1997",9.333029,
"SWE","PPP","TOT","NATUSD","A","1998",9.396272,
"SWE","PPP","TOT","NATUSD","A","1999",9.3059,
"SWE","PPP","TOT","NATUSD","A","2000",9.160268,
"SWE","PPP","TOT","NATUSD","A","2001",9.400158,
"SWE","PPP","TOT","NATUSD","A","2002",9.413655,
"SWE","PPP","TOT","NATUSD","A","2003",9.495769,
"SWE","PPP","TOT","NATUSD","A","2004",9.302011,
"SWE","PPP","TOT","NATUSD","A","2005",9.479182,
"SWE","PPP","TOT","NATUSD","A","2006",9.123665,
"SWE","PPP","TOT","NATUSD","A","2007",8.88369,
"SWE","PPP","TOT","NATUSD","A","2008",8.778986,
"SWE","PPP","TOT","NATUSD","A","2009",8.914179,
"SWE","PPP","TOT","NATUSD","A","2010",9.017736,
"SWE","PPP","TOT","NATUSD","A","2011",8.844042,
"SWE","PPP","TOT","NATUSD","A","2012",8.654768,
"SWE","PPP","TOT","NATUSD","A","2013",8.597681,
"SWE","PPP","TOT","NATUSD","A","2014",8.727131,
"SWE","PPP","TOT","NATUSD","A","2015",8.854383,
"SWE","PPP","TOT","NATUSD","A","2016",8.822586,
"SWE","PPP","TOT","NATUSD","A","2017",8.82407,
"SWE","PPP","TOT","NATUSD","A","2018",8.589563,
"SWE","PPP","TOT","NATUSD","A","2019",8.620421,
"CHE","PPP","TOT","NATUSD","A","1990",1.936289,
"CHE","PPP","TOT","NATUSD","A","1991",1.97426,
"CHE","PPP","TOT","NATUSD","A","1992",1.971282,
"CHE","PPP","TOT","NATUSD","A","1993",1.970372,
"CHE","PPP","TOT","NATUSD","A","1994",1.952026,
"CHE","PPP","TOT","NATUSD","A","1995",1.926041,
"CHE","PPP","TOT","NATUSD","A","1996",1.891189,
"CHE","PPP","TOT","NATUSD","A","1997",1.844334,
"CHE","PPP","TOT","NATUSD","A","1998",1.827663,
"CHE","PPP","TOT","NATUSD","A","1999",1.802836,
"CHE","PPP","TOT","NATUSD","A","2000",1.788109,
"CHE","PPP","TOT","NATUSD","A","2001",1.768379,
"CHE","PPP","TOT","NATUSD","A","2002",1.70976,
"CHE","PPP","TOT","NATUSD","A","2003",1.717018,
"CHE","PPP","TOT","NATUSD","A","2004",1.693209,
"CHE","PPP","TOT","NATUSD","A","2005",1.686548,
"CHE","PPP","TOT","NATUSD","A","2006",1.600989,
"CHE","PPP","TOT","NATUSD","A","2007",1.533994,
"CHE","PPP","TOT","NATUSD","A","2008",1.493049,
"CHE","PPP","TOT","NATUSD","A","2009",1.46898,
"CHE","PPP","TOT","NATUSD","A","2010",1.464944,
"CHE","PPP","TOT","NATUSD","A","2011",1.397498,
"CHE","PPP","TOT","NATUSD","A","2012",1.354072,
"CHE","PPP","TOT","NATUSD","A","2013",1.312477,
"CHE","PPP","TOT","NATUSD","A","2014",1.281761,
"CHE","PPP","TOT","NATUSD","A","2015",1.235788,
"CHE","PPP","TOT","NATUSD","A","2016",1.201964,
"CHE","PPP","TOT","NATUSD","A","2017",1.183945,
"CHE","PPP","TOT","NATUSD","A","2018",1.142621,
"CHE","PPP","TOT","NATUSD","A","2019",1.125833,
"TUR","PPP","TOT","NATUSD","A","1990",0.001188,
"TUR","PPP","TOT","NATUSD","A","1991",0.001825,
"TUR","PPP","TOT","NATUSD","A","1992",0.002921,
"TUR","PPP","TOT","NATUSD","A","1993",0.004787,
"TUR","PPP","TOT","NATUSD","A","1994",0.009676,
"TUR","PPP","TOT","NATUSD","A","1995",0.017742,
"TUR","PPP","TOT","NATUSD","A","1996",0.031042,
"TUR","PPP","TOT","NATUSD","A","1997",0.055385,
"TUR","PPP","TOT","NATUSD","A","1998",0.128877,
"TUR","PPP","TOT","NATUSD","A","1999",0.196465,
"TUR","PPP","TOT","NATUSD","A","2000",0.281508,
"TUR","PPP","TOT","NATUSD","A","2001",0.414892,
"TUR","PPP","TOT","NATUSD","A","2002",0.591251,
"TUR","PPP","TOT","NATUSD","A","2003",0.737306,
"TUR","PPP","TOT","NATUSD","A","2004",0.79283,
"TUR","PPP","TOT","NATUSD","A","2005",0.834589,
"TUR","PPP","TOT","NATUSD","A","2006",0.842933,
"TUR","PPP","TOT","NATUSD","A","2007",0.852344,
"TUR","PPP","TOT","NATUSD","A","2008",0.87996,
"TUR","PPP","TOT","NATUSD","A","2009",0.903963,
"TUR","PPP","TOT","NATUSD","A","2010",0.919607,
"TUR","PPP","TOT","NATUSD","A","2011",0.966176,
"TUR","PPP","TOT","NATUSD","A","2012",1.019856,
"TUR","PPP","TOT","NATUSD","A","2013",1.070294,
"TUR","PPP","TOT","NATUSD","A","2014",1.104504,
"TUR","PPP","TOT","NATUSD","A","2015",1.162452,
"TUR","PPP","TOT","NATUSD","A","2016",1.241052,
"TUR","PPP","TOT","NATUSD","A","2017",1.379575,
"TUR","PPP","TOT","NATUSD","A","2018",1.583491,
"TUR","PPP","TOT","NATUSD","A","2019",1.840625,
"GBR","PPP","TOT","NATUSD","A","1990",0.632935,
"GBR","PPP","TOT","NATUSD","A","1991",0.65153,
"GBR","PPP","TOT","NATUSD","A","1992",0.658168,
"GBR","PPP","TOT","NATUSD","A","1993",0.660507,
"GBR","PPP","TOT","NATUSD","A","1994",0.65571,
"GBR","PPP","TOT","NATUSD","A","1995",0.714632,
"GBR","PPP","TOT","NATUSD","A","1996",0.714617,
"GBR","PPP","TOT","NATUSD","A","1997",0.708919,
"GBR","PPP","TOT","NATUSD","A","1998",0.720742,
"GBR","PPP","TOT","NATUSD","A","1999",0.725819,
"GBR","PPP","TOT","NATUSD","A","2000",0.704306,
"GBR","PPP","TOT","NATUSD","A","2001",0.694382,
"GBR","PPP","TOT","NATUSD","A","2002",0.689877,
"GBR","PPP","TOT","NATUSD","A","2003",0.696596,
"GBR","PPP","TOT","NATUSD","A","2004",0.68841,
"GBR","PPP","TOT","NATUSD","A","2005",0.707619,
"GBR","PPP","TOT","NATUSD","A","2006",0.69742,
"GBR","PPP","TOT","NATUSD","A","2007",0.7101,
"GBR","PPP","TOT","NATUSD","A","2008",0.701691,
"GBR","PPP","TOT","NATUSD","A","2009",0.709551,
"GBR","PPP","TOT","NATUSD","A","2010",0.701707,
"GBR","PPP","TOT","NATUSD","A","2011",0.706052,
"GBR","PPP","TOT","NATUSD","A","2012",0.701634,
"GBR","PPP","TOT","NATUSD","A","2013",0.695248,
"GBR","PPP","TOT","NATUSD","A","2014",0.698444,
"GBR","PPP","TOT","NATUSD","A","2015",0.692551,
"GBR","PPP","TOT","NATUSD","A","2016",0.688603,
"GBR","PPP","TOT","NATUSD","A","2017",0.682422,
"GBR","PPP","TOT","NATUSD","A","2018",0.662639,
"GBR","PPP","TOT","NATUSD","A","2019",0.664175,
"USA","PPP","TOT","NATUSD","A","1990",1,
"USA","PPP","TOT","NATUSD","A","1991",1,
"USA","PPP","TOT","NATUSD","A","1992",1,
"USA","PPP","TOT","NATUSD","A","1993",1,
"USA","PPP","TOT","NATUSD","A","1994",1,
"USA","PPP","TOT","NATUSD","A","1995",1,
"USA","PPP","TOT","NATUSD","A","1996",1,
"USA","PPP","TOT","NATUSD","A","1997",1,
"USA","PPP","TOT","NATUSD","A","1998",1,
"USA","PPP","TOT","NATUSD","A","1999",1,
"USA","PPP","TOT","NATUSD","A","2000",1,
"USA","PPP","TOT","NATUSD","A","2001",1,
"USA","PPP","TOT","NATUSD","A","2002",1,
"USA","PPP","TOT","NATUSD","A","2003",1,
"USA","PPP","TOT","NATUSD","A","2004",1,
"USA","PPP","TOT","NATUSD","A","2005",1,
"USA","PPP","TOT","NATUSD","A","2006",1,
"USA","PPP","TOT","NATUSD","A","2007",1,
"USA","PPP","TOT","NATUSD","A","2008",1,
"USA","PPP","TOT","NATUSD","A","2009",1,
"USA","PPP","TOT","NATUSD","A","2010",1,
"USA","PPP","TOT","NATUSD","A","2011",1,
"USA","PPP","TOT","NATUSD","A","2012",1,
"USA","PPP","TOT","NATUSD","A","2013",1,
"USA","PPP","TOT","NATUSD","A","2014",1,
"USA","PPP","TOT","NATUSD","A","2015",1,
"USA","PPP","TOT","NATUSD","A","2016",1,
"USA","PPP","TOT","NATUSD","A","2017",1,
"USA","PPP","TOT","NATUSD","A","2018",1,
"USA","PPP","TOT","NATUSD","A","2019",1,
"CHL","PPP","TOT","NATUSD","A","1990",168.599469,
"CHL","PPP","TOT","NATUSD","A","1991",197.688509,
"CHL","PPP","TOT","NATUSD","A","1992",216.035682,
"CHL","PPP","TOT","NATUSD","A","1993",233.489517,
"CHL","PPP","TOT","NATUSD","A","1994",257.4139,
"CHL","PPP","TOT","NATUSD","A","1995",275.634032,
"CHL","PPP","TOT","NATUSD","A","1996",275.297281,
"CHL","PPP","TOT","NATUSD","A","1997",278.916342,
"CHL","PPP","TOT","NATUSD","A","1998",278.687425,
"CHL","PPP","TOT","NATUSD","A","1999",280.983094,
"CHL","PPP","TOT","NATUSD","A","2000",286.579744,
"CHL","PPP","TOT","NATUSD","A","2001",291.255853,
"CHL","PPP","TOT","NATUSD","A","2002",296.446431,
"CHL","PPP","TOT","NATUSD","A","2003",304.367804,
"CHL","PPP","TOT","NATUSD","A","2004",319.653393,
"CHL","PPP","TOT","NATUSD","A","2005",333.69,
"CHL","PPP","TOT","NATUSD","A","2006",318.574722,
"CHL","PPP","TOT","NATUSD","A","2007",323.878962,
"CHL","PPP","TOT","NATUSD","A","2008",340.400833,
"CHL","PPP","TOT","NATUSD","A","2009",354.325885,
"CHL","PPP","TOT","NATUSD","A","2010",359.83702,
"CHL","PPP","TOT","NATUSD","A","2011",348.016847,
"CHL","PPP","TOT","NATUSD","A","2012",347.228507,
"CHL","PPP","TOT","NATUSD","A","2013",349.680536,
"CHL","PPP","TOT","NATUSD","A","2014",367.213907,
"CHL","PPP","TOT","NATUSD","A","2015",391.178861,
"CHL","PPP","TOT","NATUSD","A","2016",397.250703,
"CHL","PPP","TOT","NATUSD","A","2017",396.448744,
"CHL","PPP","TOT","NATUSD","A","2018",400.278054,
"CHL","PPP","TOT","NATUSD","A","2019",387.770444,
"COL","PPP","TOT","NATUSD","A","1990",136.718609,
"COL","PPP","TOT","NATUSD","A","1991",167.922449,
"COL","PPP","TOT","NATUSD","A","1992",202.903848,
"COL","PPP","TOT","NATUSD","A","1993",247.400226,
"COL","PPP","TOT","NATUSD","A","1994",307.001866,
"COL","PPP","TOT","NATUSD","A","1995",366.556313,
"COL","PPP","TOT","NATUSD","A","1996",430.943741,
"COL","PPP","TOT","NATUSD","A","1997",505.843464,
"COL","PPP","TOT","NATUSD","A","1998",585.893987,
"COL","PPP","TOT","NATUSD","A","1999",664.538678,
"COL","PPP","TOT","NATUSD","A","2000",739.89333,
"COL","PPP","TOT","NATUSD","A","2001",776.704098,
"COL","PPP","TOT","NATUSD","A","2002",816.223141,
"COL","PPP","TOT","NATUSD","A","2003",876.183344,
"COL","PPP","TOT","NATUSD","A","2004",920.032288,
"COL","PPP","TOT","NATUSD","A","2005",958.227509,
"COL","PPP","TOT","NATUSD","A","2006",984.097249,
"COL","PPP","TOT","NATUSD","A","2007",1008.206802,
"COL","PPP","TOT","NATUSD","A","2008",1064.897073,
"COL","PPP","TOT","NATUSD","A","2009",1099.792771,
"COL","PPP","TOT","NATUSD","A","2010",1128.488601,
"COL","PPP","TOT","NATUSD","A","2011",1175.997371,
"COL","PPP","TOT","NATUSD","A","2012",1211.574122,
"COL","PPP","TOT","NATUSD","A","2013",1214.68853,
"COL","PPP","TOT","NATUSD","A","2014",1228.709202,
"COL","PPP","TOT","NATUSD","A","2015",1284.952129,
"COL","PPP","TOT","NATUSD","A","2016",1293.741161,
"COL","PPP","TOT","NATUSD","A","2017",1323.513894,
"COL","PPP","TOT","NATUSD","A","2018",1318.651531,
"COL","PPP","TOT","NATUSD","A","2019",1317.188166,
"EST","PPP","TOT","NATUSD","A","1993",0.175009,
"EST","PPP","TOT","NATUSD","A","1994",0.239324,
"EST","PPP","TOT","NATUSD","A","1995",0.30815,
"EST","PPP","TOT","NATUSD","A","1996",0.378136,
"EST","PPP","TOT","NATUSD","A","1997",0.409637,
"EST","PPP","TOT","NATUSD","A","1998",0.435437,
"EST","PPP","TOT","NATUSD","A","1999",0.462332,
"EST","PPP","TOT","NATUSD","A","2000",0.468716,
"EST","PPP","TOT","NATUSD","A","2001",0.487802,
"EST","PPP","TOT","NATUSD","A","2002",0.486245,
"EST","PPP","TOT","NATUSD","A","2003",0.486274,
"EST","PPP","TOT","NATUSD","A","2004",0.494059,
"EST","PPP","TOT","NATUSD","A","2005",0.503328,
"EST","PPP","TOT","NATUSD","A","2006",0.521489,
"EST","PPP","TOT","NATUSD","A","2007",0.551852,
"EST","PPP","TOT","NATUSD","A","2008",0.545055,
"EST","PPP","TOT","NATUSD","A","2009",0.516739,
"EST","PPP","TOT","NATUSD","A","2010",0.511706,
"EST","PPP","TOT","NATUSD","A","2011",0.5116,
"EST","PPP","TOT","NATUSD","A","2012",0.521063,
"EST","PPP","TOT","NATUSD","A","2013",0.522424,
"EST","PPP","TOT","NATUSD","A","2014",0.52689,
"EST","PPP","TOT","NATUSD","A","2015",0.53758,
"EST","PPP","TOT","NATUSD","A","2016",0.527849,
"EST","PPP","TOT","NATUSD","A","2017",0.533205,
"EST","PPP","TOT","NATUSD","A","2018",0.523582,
"EST","PPP","TOT","NATUSD","A","2019",0.529969,
"ISR","PPP","TOT","NATUSD","A","1990",1.684587,
"ISR","PPP","TOT","NATUSD","A","1991",1.957492,
"ISR","PPP","TOT","NATUSD","A","1992",2.144654,
"ISR","PPP","TOT","NATUSD","A","1993",2.32736,
"ISR","PPP","TOT","NATUSD","A","1994",2.564403,
"ISR","PPP","TOT","NATUSD","A","1995",2.739532,
"ISR","PPP","TOT","NATUSD","A","1996",2.974476,
"ISR","PPP","TOT","NATUSD","A","1997",3.166873,
"ISR","PPP","TOT","NATUSD","A","1998",3.346806,
"ISR","PPP","TOT","NATUSD","A","1999",3.504641,
"ISR","PPP","TOT","NATUSD","A","2000",3.441656,
"ISR","PPP","TOT","NATUSD","A","2001",3.42743,
"ISR","PPP","TOT","NATUSD","A","2002",3.462676,
"ISR","PPP","TOT","NATUSD","A","2003",3.628859,
"ISR","PPP","TOT","NATUSD","A","2004",3.537657,
"ISR","PPP","TOT","NATUSD","A","2005",3.716937,
"ISR","PPP","TOT","NATUSD","A","2006",3.788173,
"ISR","PPP","TOT","NATUSD","A","2007",3.725704,
"ISR","PPP","TOT","NATUSD","A","2008",3.867205,
"ISR","PPP","TOT","NATUSD","A","2009",3.96503,
"ISR","PPP","TOT","NATUSD","A","2010",3.981341,
"ISR","PPP","TOT","NATUSD","A","2011",3.944763,
"ISR","PPP","TOT","NATUSD","A","2012",3.955358,
"ISR","PPP","TOT","NATUSD","A","2013",3.839566,
"ISR","PPP","TOT","NATUSD","A","2014",3.940387,
"ISR","PPP","TOT","NATUSD","A","2015",3.923925,
"ISR","PPP","TOT","NATUSD","A","2016",3.788511,
"ISR","PPP","TOT","NATUSD","A","2017",3.739669,
"ISR","PPP","TOT","NATUSD","A","2018",3.612219,
"ISR","PPP","TOT","NATUSD","A","2019",3.622217,
"SVN","PPP","TOT","NATUSD","A","1990",0.034808,
"SVN","PPP","TOT","NATUSD","A","1991",0.065631,
"SVN","PPP","TOT","NATUSD","A","1992",0.197753,
"SVN","PPP","TOT","NATUSD","A","1993",0.264805,
"SVN","PPP","TOT","NATUSD","A","1994",0.317835,
"SVN","PPP","TOT","NATUSD","A","1995",0.390393,
"SVN","PPP","TOT","NATUSD","A","1996",0.427963,
"SVN","PPP","TOT","NATUSD","A","1997",0.456043,
"SVN","PPP","TOT","NATUSD","A","1998",0.482519,
"SVN","PPP","TOT","NATUSD","A","1999",0.508506,
"SVN","PPP","TOT","NATUSD","A","2000",0.526349,
"SVN","PPP","TOT","NATUSD","A","2001",0.560022,
"SVN","PPP","TOT","NATUSD","A","2002",0.583286,
"SVN","PPP","TOT","NATUSD","A","2003",0.608518,
"SVN","PPP","TOT","NATUSD","A","2004",0.608333,
"SVN","PPP","TOT","NATUSD","A","2005",0.610135,
"SVN","PPP","TOT","NATUSD","A","2006",0.6105,
"SVN","PPP","TOT","NATUSD","A","2007",0.631131,
"SVN","PPP","TOT","NATUSD","A","2008",0.633789,
"SVN","PPP","TOT","NATUSD","A","2009",0.645,
"SVN","PPP","TOT","NATUSD","A","2010",0.637413,
"SVN","PPP","TOT","NATUSD","A","2011",0.62397,
"SVN","PPP","TOT","NATUSD","A","2012",0.606793,
"SVN","PPP","TOT","NATUSD","A","2013",0.590407,
"SVN","PPP","TOT","NATUSD","A","2014",0.591238,
"SVN","PPP","TOT","NATUSD","A","2015",0.595298,
"SVN","PPP","TOT","NATUSD","A","2016",0.577106,
"SVN","PPP","TOT","NATUSD","A","2017",0.568335,
"SVN","PPP","TOT","NATUSD","A","2018",0.550876,
"SVN","PPP","TOT","NATUSD","A","2019",0.546228,
"LVA","PPP","TOT","NATUSD","A","1994",0.243,
"LVA","PPP","TOT","NATUSD","A","1995",0.296771,
"LVA","PPP","TOT","NATUSD","A","1996",0.328835,
"LVA","PPP","TOT","NATUSD","A","1997",0.342004,
"LVA","PPP","TOT","NATUSD","A","1998",0.353102,
"LVA","PPP","TOT","NATUSD","A","1999",0.354315,
"LVA","PPP","TOT","NATUSD","A","2000",0.360698,
"LVA","PPP","TOT","NATUSD","A","2001",0.353274,
"LVA","PPP","TOT","NATUSD","A","2002",0.360954,
"LVA","PPP","TOT","NATUSD","A","2003",0.378618,
"LVA","PPP","TOT","NATUSD","A","2004",0.399667,
"LVA","PPP","TOT","NATUSD","A","2005",0.438594,
"LVA","PPP","TOT","NATUSD","A","2006",0.489546,
"LVA","PPP","TOT","NATUSD","A","2007",0.566495,
"LVA","PPP","TOT","NATUSD","A","2008",0.575542,
"LVA","PPP","TOT","NATUSD","A","2009",0.520747,
"LVA","PPP","TOT","NATUSD","A","2010",0.486634,
"LVA","PPP","TOT","NATUSD","A","2011",0.498506,
"LVA","PPP","TOT","NATUSD","A","2012",0.506203,
"LVA","PPP","TOT","NATUSD","A","2013",0.499271,
"LVA","PPP","TOT","NATUSD","A","2014",0.497558,
"LVA","PPP","TOT","NATUSD","A","2015",0.497569,
"LVA","PPP","TOT","NATUSD","A","2016",0.484535,
"LVA","PPP","TOT","NATUSD","A","2017",0.482995,
"LVA","PPP","TOT","NATUSD","A","2018",0.475959,
"LVA","PPP","TOT","NATUSD","A","2019",0.482306,
"LTU","PPP","TOT","NATUSD","A","1995",0.361475,
"LTU","PPP","TOT","NATUSD","A","1996",0.423296,
"LTU","PPP","TOT","NATUSD","A","1997",0.463964,
"LTU","PPP","TOT","NATUSD","A","1998",0.47262,
"LTU","PPP","TOT","NATUSD","A","1999",0.461162,
"LTU","PPP","TOT","NATUSD","A","2000",0.451527,
"LTU","PPP","TOT","NATUSD","A","2001",0.432687,
"LTU","PPP","TOT","NATUSD","A","2002",0.42073,
"LTU","PPP","TOT","NATUSD","A","2003",0.404409,
"LTU","PPP","TOT","NATUSD","A","2004",0.414384,
"LTU","PPP","TOT","NATUSD","A","2005",0.435163,
"LTU","PPP","TOT","NATUSD","A","2006",0.44685,
"LTU","PPP","TOT","NATUSD","A","2007",0.470767,
"LTU","PPP","TOT","NATUSD","A","2008",0.492829,
"LTU","PPP","TOT","NATUSD","A","2009",0.469048,
"LTU","PPP","TOT","NATUSD","A","2010",0.450033,
"LTU","PPP","TOT","NATUSD","A","2011",0.451921,
"LTU","PPP","TOT","NATUSD","A","2012",0.452657,
"LTU","PPP","TOT","NATUSD","A","2013",0.443347,
"LTU","PPP","TOT","NATUSD","A","2014",0.44262,
"LTU","PPP","TOT","NATUSD","A","2015",0.445858,
"LTU","PPP","TOT","NATUSD","A","2016",0.43844,
"LTU","PPP","TOT","NATUSD","A","2017",0.44131,
"LTU","PPP","TOT","NATUSD","A","2018",0.433085,
"LTU","PPP","TOT","NATUSD","A","2019",0.437569,